ACTUAL_DATE,TOTALS,ANNUAL_CHANGE,SkilledIndex,UnskilledIndex,Auckland,Wellington,North Island Other,Canterbury,South Island Other,Business services,Construction,Education,Health care,Hospitality,IT,Manufacturing,Primary,Sales,Other,Managers,Professionals,Technicians and Trades Workers,Community and Personal Service Workers,Clerical and Administrative Workers,Sales Workers,Machinery Operators and Drivers,Labourers,Highly-Skilled,Skilled,Semi-Skilled,Low-Skilled,Unskilled
01/05/2007,100,0,100,100,100,100,100,100,100,100,100,100,100,100,100,100,100,100,100,100,100,100,100,100,100,100,100,100,100,100,100,100
01/06/2007,92.1,0,91.5,92.5,91.8,93.5,94.4,94.1,76.6,91.6,92.5,97.4,91.4,86.7,93.8,93.5,66.3,92.9,90.8,89.7,92.1,88.3,91.7,95.2,93.8,80.2,89.2,91.2,92.8,89.6,92.8,91.2
01/07/2007,95.7,0,95.3,94.9,96.4,95.1,95.5,98.6,84,93.2,96.8,71.5,104.2,104.2,95.9,96.4,74.8,102,90.8,96.4,92.9,97.2,97.3,95.9,98.7,92.3,89.5,95.1,93.7,101.7,94.1,97.4
01/08/2007,103.2,0,102,103.1,101.2,98.8,113.3,109.5,106.4,96.9,107.3,118.2,111.8,129.6,94.5,112.1,89.4,105.2,103.8,101.1,98.6,106.4,122.7,103.5,98.6,109.6,110.8,97.7,110.8,111.6,103.1,102.8
01/09/2007,97,0,96.7,96.4,93.9,95.1,105.7,103.9,107.4,84.8,103.1,166.1,99.8,124.1,92.3,109.8,71.3,98,84.1,93.4,98.4,98.5,111.7,90.8,96.9,104.7,103.5,91.1,112.1,98.8,95.3,100.2
01/10/2007,102.2,0,104.6,97,96.3,101,118.6,110.5,119.9,85.9,106.3,232.2,116.5,129,93.7,112.6,88.3,99.9,95.8,99.2,109.9,104.4,112.3,91.4,93.3,108,107,97.5,126.5,100.8,96.4,99
01/11/2007,101.1,0,106.6,90.2,96.2,98.8,118.1,102.9,122.9,88,116.7,207,107.2,109.2,98.3,112.8,76.2,90.6,93.9,108.6,111.1,100.7,105.8,87.1,82.5,108.4,99.2,103.2,120.7,94.9,90.4,89.3
01/12/2007,70,0,75,60.3,65.1,67.8,83.7,71.1,105.8,59.4,94.5,126.6,71.5,69.3,68.5,71.4,47.5,60.2,79.5,75.6,80.5,71.8,63,57,55.3,65.4,71.2,75.2,78.7,62.8,60.6,58.9
01/01/2008,101.8,0,101.9,98.6,97.1,97,113.3,119.2,117.4,93.1,127.9,51.7,118.9,132.4,89.5,116.6,83,103.3,109.4,109.4,97.3,109.4,122.7,94.3,89.4,109,119.5,104.8,91.5,107.2,96.6,105.3
01/02/2008,106,0,102.5,108.9,101.1,100.1,122.1,118.5,125.3,95.4,135.2,107.8,120.9,127.7,91.3,125.1,97.2,104,98.2,92.4,103.7,113.1,133.2,99.4,106,128.8,129.5,100.5,105.9,108.6,108.9,109.2
01/03/2008,100.5,0,99,99.8,96.4,95.4,116.6,110.3,109.8,91.8,127,107.6,114.3,111.3,86.4,121.7,94.3,95.5,96.2,102,97.5,108.4,115.9,95,88.9,115.1,108.8,99,96.9,105.4,99.4,101.3
01/04/2008,106.5,0,107.6,101.8,102.7,103.5,118.4,114.9,118.6,96.6,132.4,109.4,131.3,111.9,97.2,113.6,107.5,101.2,112.2,108.9,109,109.1,117.9,98,92.2,114.4,114.8,110,101.5,104.9,101.4,103.3
01/05/2008,109.7,9.7,107.5,111.2,106.2,108.6,121.1,113.9,118.1,98.2,135.9,96.6,141.2,108.8,105.3,113.5,111,107,115.9,97.5,111.2,113.2,131.9,104.5,108.2,121.6,116,108.4,106.9,102,112.5,106.5
01/06/2008,101.6,10.3,104.2,94.7,97.6,102.9,109.3,107.9,111.2,88.1,135.6,101.8,130.2,92.1,101.3,99.7,80.1,95.4,110.5,101.1,109.3,105.5,111.5,92.2,81.6,97.7,107,107.9,94.6,101,95.6,91.5
01/07/2008,108.1,13,106.7,109,102.5,110.9,115.7,119.4,122.9,95.6,139.7,93.4,143.2,104.7,106.8,103.6,120.2,98.9,132.4,94.1,111.3,118.7,141.1,99.1,103,117.8,117,108.7,98.9,112.7,111.5,100.2
01/08/2008,98.3,-4.7,101.6,89.6,92,94.6,117,108,124.3,81.4,133,119.4,134.7,105.9,91.1,95.5,116.3,88.7,126,98.2,106.2,106.5,123.7,82.7,78.6,97.3,103,104.1,93.3,105.2,89,91.7
01/09/2008,101.5,4.6,107.2,88.8,89.4,101,133,116.7,138.3,78.4,140.3,199.9,133.1,124,89.8,98.2,126.6,88.2,121.1,100.5,115.3,115.2,128,78.7,73.2,108.3,104.8,104.6,115,107.1,88.7,88.9
01/10/2008,94.1,-7.9,100.7,80.1,79.4,92.6,134.6,111.5,140,68,124.2,272.9,134.2,106.1,81.3,94.7,99.7,78.5,112.9,90.6,113.3,99.9,119.1,69.2,67,99.1,95,95.2,121.5,87.8,78.9,84.4
01/11/2008,77.5,-23.3,84.1,62.7,64,80.2,111.2,87.5,121.6,55.5,105.3,216.3,127.4,72.7,68.9,72.2,97.2,60.9,102.9,75.2,95.6,84,98.2,55.4,50.5,67.7,66.8,81.7,96,70.4,62.8,62.5
01/12/2008,54.2,-22.7,58.1,45.8,45.5,54.3,76.4,64.8,79.6,40.4,83.4,94.2,99.9,59.6,45.4,52.4,69.2,42.7,57.9,55.9,64,61,75.9,39.5,32.1,58.1,48.3,60.5,54.4,49.2,47.4,40.3
01/01/2009,65.7,-35.5,67.5,59.4,52.9,68.7,94.8,78.2,107,48.5,87,105.6,129,83.1,52.1,66.3,80.5,60,86.3,64.4,72.3,72.1,102.1,48.9,48.9,70.8,69.4,69.4,64.2,61.5,59,60.5
01/02/2009,58.4,-44.9,60,53.5,47.4,61.6,82.1,70.9,92.1,42.5,73.4,99.4,121.8,78.2,46.5,58.6,66.7,55.4,68.9,55.9,64.5,61.3,101.8,42.3,45.9,62.4,71,60.8,58.5,57.4,53,55.6
01/03/2009,58.4,-41.9,60.5,52.2,47.3,57.7,85.8,73.1,97,41,72.8,128.8,126,72.5,45.4,56.2,67,54.3,72.4,58,66.2,59.7,101.9,40.9,45.1,57.1,59.5,60.9,61.7,54.4,52,52.9
01/04/2009,51.8,-51.4,52.9,47,42.9,48.4,78.1,62.5,85.8,36.9,63.2,105.2,114.1,55.9,38.3,50.9,55.3,53.5,64.7,52.1,55.9,52.2,94.3,35.6,45.3,51.7,55.7,53.2,50.4,57.4,45.3,52.9
01/05/2009,56,-49,57.6,49.9,45,54.7,85.8,71.8,85.1,40.5,65.7,121.8,124.2,58.4,41.7,52.4,69.2,56.4,72.9,53,62.5,57,102.1,39.2,47.4,45.8,59.2,57.3,57.7,60,48.2,55.7
01/06/2009,52.3,-48.5,53.5,47.4,43,51,75.8,66.1,83.1,35.8,59.7,117.2,122.1,55.3,40.2,46,61.4,54.5,70.7,51,57.4,51.1,99.8,35.3,47.4,43.1,62.6,53.9,52.3,53.7,45.4,54.4
01/07/2009,54.1,-50,55.5,48.9,45.3,51,77.8,69.2,85.3,35.8,62,90.4,123.7,68.5,41.8,48.8,68.8,61.6,77.6,56,55.9,59.3,106.3,35.3,49.9,52.3,62.2,56,49.6,67.2,46.7,56.3
01/08/2009,54.3,-44.8,55.2,49.7,43.7,49.7,82.6,72.8,95.6,34.1,61.6,121.9,111.2,77.8,41.3,55.4,61.4,61.8,67.3,55.9,56.2,57.4,111.4,35.3,48.2,54.3,68.1,53.4,58.6,60.8,47.7,56.6
01/09/2009,61.6,-39.3,63.8,55.1,50.1,52.2,96.7,83.3,111.8,36.8,71.4,205.7,124.2,95,38.7,61.4,57.5,66.4,75.7,61.3,67.1,65.8,121.7,36.9,57.8,65.3,77.8,55.8,85.4,69,52,66.1
01/10/2009,64.2,-31.8,68.2,54.1,50.6,55.3,102.4,87.8,128.4,37.1,67.6,266.9,121.2,94.7,41.6,58.8,69.5,70.1,77.8,63.3,74.9,64.4,117.2,36.9,59.5,66.2,66.3,57.7,98.3,70.5,50.7,65.7
01/11/2009,57.1,-26.3,59.9,49.1,44.8,50.8,96,70.3,108.6,34.1,60.3,197.7,107,76.3,40.7,62.4,63.1,62.9,70.8,57.1,63.9,60,99.2,34.9,49.7,65.2,66.9,53,78.6,64,47.3,55
01/12/2009,41.3,-23.7,43.4,34.8,32.9,37,65,52.8,78.5,27.1,45.2,91.5,92.2,59.4,30.4,42.4,46.5,43.2,55.3,45,44.4,43.5,71.3,27.8,31.7,43.5,41.1,42.5,45.1,46,34.6,35.6
01/01/2010,60.2,-8.3,59,59.8,49.6,50.8,94.5,77.1,110.7,38.3,69.6,96.3,119.9,96.3,37.7,67.5,83,77.4,77.9,61.7,56.3,68.2,117.4,42.6,62.4,73.7,77.1,56.1,61,77.2,56.8,70.2
01/02/2010,61.8,5.8,60.2,61.9,50.8,57.2,95,76.3,100,41.5,70.1,102.1,116.3,97.3,42.3,73.2,84.4,73.7,74.6,60.6,58.5,68.5,118.6,45.9,60.8,80.1,83.9,57.5,62.9,74.9,60,68.7
01/03/2010,72.4,24.1,71.6,70.7,60.1,66.9,110.1,87.6,120.9,48.7,80.4,127.2,134.9,98.2,55.4,87.4,90.8,86.6,77.7,70.9,70.9,78.8,133.5,53.2,71.1,87.6,93.8,69,75.1,82.6,67.7,81.2
01/04/2010,64.2,24,64.2,61.7,54.5,61.5,94.5,73.9,97,43.8,72.2,84.7,120.2,82.7,51.6,76.9,88.7,77.2,75.3,66.9,62.9,67.6,116.6,47,63.8,73.8,76.4,64.8,57.4,77.5,59.4,69.6
01/05/2010,70,25,71.1,64.3,58.4,67.8,107.2,76,110.4,47.4,79.4,131.4,133.5,84.7,57.9,75.5,83,79.6,76.9,69.7,72.6,74.1,126,49.1,65.1,75.2,79.9,68.7,72.1,87,61.9,72.3
01/06/2010,68.4,30.9,69.8,62.4,59,65.5,97.5,82.9,91.3,47,77.8,118.4,121.7,77.4,59.8,75.3,85.5,79.9,71.9,68.5,70.9,73,111.3,49.4,64.1,76.8,77.9,68.8,68.5,82.1,59.7,71.3
01/07/2010,71.6,32.4,72.9,64.1,62,66.8,103,84.4,102.6,48.1,82.3,80.5,121.5,91.2,67.4,70.5,101.4,84.1,91.7,80,70.8,75.7,119.6,51,60.9,81.2,84.4,74.8,63.1,84.5,62.3,70.5
01/08/2010,71.3,31.3,74.1,60.1,61,66.4,95.7,95.4,108.1,45.6,81.2,98.5,123.3,101.6,67.4,45.9,109.2,84.9,94.8,81.5,71.8,75.1,113.6,47.9,56.9,88.4,88.1,74.4,68,89.5,58.1,66.9
01/09/2010,72,16.9,75.7,59.2,60.6,67.5,103.4,95.7,101.2,44.8,83.1,156.6,116.7,104.1,66.5,46.6,102.5,81.4,87.2,82.2,75.7,75.2,113,45.9,56.5,78.5,89.2,72.6,80.9,86.2,56.6,68.1
01/10/2010,73.5,14.4,77.6,60,60.9,66.1,104.7,106.2,114.6,43,82.5,213.4,109.7,115,64.6,83.8,119.2,80.3,84.4,80.8,79.9,75.7,110.6,45.4,56.3,88.7,99.7,71.3,94.3,82.1,57.5,68.7
01/11/2010,71,24.3,75.9,56.6,60.5,63.1,100,95.8,110.4,43.1,81.3,182.5,107.4,100.6,65.4,84.2,106.7,76.3,84.8,85.3,74.9,77.4,97,45.4,51.1,91.3,82.3,71.9,83.6,86.9,54.8,62.9
01/12/2010,51.7,25.1,55,40.5,43.9,46.4,69.9,72.4,83.1,32.1,64.3,85.7,86.8,66.9,51.8,58.7,93.6,56.3,56.6,65.6,53.3,55.6,69.3,31.7,35.7,65,61.8,56.3,51.4,54.9,39.6,43.6
01/01/2011,70.9,17.8,72,63.4,59.6,65.6,97.1,100.4,106.7,46,84.2,84.7,106.7,118.6,59.2,85.9,116.7,89.1,89,85.8,64.8,80.7,117.5,49.2,60.3,79.2,103.7,71.4,66.9,92,59.6,76.4
01/02/2011,72.9,18.1,74.6,64.1,63.4,70.4,99.3,86.1,104.2,47.5,85.8,82.9,113.7,113,70.6,80.6,145.7,85.7,90,86.5,68.4,79.8,117.2,50.2,60.2,90.1,112.3,73.9,70.2,92.5,60.7,76.1
01/03/2011,83.7,15.5,85.9,73.1,71,79.6,112.2,113.9,122.6,53.8,109.5,105.9,124.8,118,78.1,107.7,155,91.3,99.6,98.2,78,99.6,130,57.2,66.2,108.4,129.5,84.2,78.9,119.7,70,83.6
01/04/2011,75.2,17.1,78.6,63.7,63.7,68.4,97.9,116.6,105.8,51.2,93.2,84.2,118.3,91.8,73.4,87.9,130.9,86.6,85.8,91,73,85,105.6,53.6,60.2,81.2,98.6,79.4,68.9,99,62.1,69.5
01/05/2011,84.4,20.6,87.3,72.7,72.5,74.8,109.2,132.9,111.4,57.2,107.5,97.3,135.2,109,80.8,98.8,145.4,95.8,93.8,96.5,82.3,96.2,129.1,58,71.7,91.6,114.1,87.7,76.4,114.4,71.3,77.7
01/06/2011,80.2,17.2,82.5,70.1,68.2,71.4,101,133.9,106.7,54.2,105.6,83.6,125.1,104.8,75,90.8,144.3,91.8,100.7,91.8,75,98.1,130.1,55.2,67.5,93.1,110.5,81.4,73.4,116.6,68.5,75.6
01/07/2011,82.6,15.3,85.8,69.7,71,73.4,103.9,133.9,110.1,55.8,106.7,77.3,134.6,119.4,77.9,97.8,165.6,89.2,105.9,98.1,78.6,97.6,130.9,57,62.2,100,103.5,86.6,73.8,112.2,68.2,75
01/08/2011,86.2,20.8,87.1,77.6,72.6,72.9,110.8,148.1,126.4,56.1,112.7,97.1,130.4,134.3,74.2,110.8,165.6,100.1,101.4,98.9,78.3,103,146.3,59.6,73.2,116.2,119,85.1,80.3,122.8,75,86.7
01/09/2011,84.9,17.9,87.5,73.9,68.2,72.5,115.5,152.9,132.3,51.9,110.5,136.5,127.1,117.1,76.5,110.5,169.2,96.6,103.9,97.6,79.8,105.1,131.8,55.9,69,127.6,115.6,82.3,90.4,121.5,71.1,83.6
01/10/2011,78.9,7.4,82.3,67.2,63.3,64.6,108.5,141.9,133.1,46.3,104,175.3,118.1,114.8,65.9,102.7,169.9,85,95.4,90.5,78.3,97.3,119,47.7,60.5,114.2,121.4,74.9,94,110.8,64,78.2
01/11/2011,77.7,9.5,80.1,67.1,60.8,68.3,105.5,139.6,135,46.3,101.5,158.5,120,100.5,70.8,99,157.5,80.2,105.8,83.7,76.5,90,118.4,50.2,62.3,127.5,114,73.7,91.2,100.9,66.4,69.8
01/12/2011,55.3,7,58.8,44.2,42.8,48.2,74.5,103.9,95.5,34.3,73.5,73.5,87,75.6,55.9,61.1,129.8,58,72.1,68.2,55.1,67.6,81.9,32.9,38.4,69.7,76.5,59.1,51.9,74.8,43.6,46.1
01/01/2012,77.5,9.2,76.2,73.2,60,65.6,105.1,148.2,135,50.7,104.4,75.2,118.5,123.9,62.1,97.1,170.6,89.8,105.7,87.9,66.2,95.9,137,54.2,61.5,122.7,132,73.4,71.2,113.1,70.7,81.6
01/02/2012,82.3,12.8,82.5,75.7,65.5,69.8,111.8,154.6,124.2,51.8,113.7,91,127.6,119.7,71.7,112.4,185.1,91.2,94.2,90,74.3,103.6,139.2,55.8,66,122.6,144.7,79.1,77.6,124.2,71.3,90.9
01/03/2012,87.9,5.1,89.5,78.1,69,72.1,118.3,174.4,142.6,57.7,127.1,87.4,141.2,117.6,76,110.2,168.8,97.2,101.3,104.6,78,109,148.4,60.5,67.2,123,140.7,86.5,82.9,132.3,75.3,87.6
01/04/2012,76,1,77.7,67.1,60,64.4,100.1,147.9,118.5,49.2,116.2,72.9,113.8,96.8,66,96.5,161.7,81.6,94.4,87,68.2,98.1,119.1,51.4,58.7,117.5,127.3,74.2,73.4,117.9,63.8,78.6
01/05/2012,93.5,10.9,95.6,83.9,75.1,80,120.9,177.5,145.3,63.1,137.1,83.8,148.7,114.8,78.6,120.5,205.7,103,106.2,109.2,84.6,117.9,147.9,65.5,74,135.5,144.3,93.2,87,139.9,80.6,95.3
01/06/2012,85.2,6.2,88.6,73.1,69.8,70.3,110.8,159.7,128.5,55.1,127.7,79.4,152,101.4,71.1,102,201.1,92.8,100.7,97.5,80.2,109.1,132.2,56.6,65.4,114.1,135.4,86.2,80.8,130.7,69,87.1
01/07/2012,88.9,7.6,91.2,77.9,71.7,72.8,114.8,174.3,137.5,55.6,130.7,81.3,155.4,116.9,73.7,113.1,190.4,101.1,101.3,99.8,81.9,115.2,142.4,58.8,68.8,135.4,138.5,88.2,83.6,137.7,74.7,88.6
01/08/2012,91.9,6.7,94.3,81.2,72.2,76.6,120.7,184.6,147.1,57.1,143.1,82.9,155.8,126.1,76.2,112.7,222.7,100.9,99.1,104.8,83.6,119.7,150.3,59.4,71.2,137.2,163.1,91.4,84.8,144.6,75.6,100.4
01/09/2012,87,2.4,88.9,76.9,67.5,72.1,114,178,145.2,49.8,136.1,130.4,142.7,130.8,67.5,108.4,187.2,93.5,105.8,93.8,80.2,116.8,150.9,53,68.4,135.5,154.1,81.1,92.4,143,71.5,95.2
01/10/2012,88.7,12.4,91.7,77.6,68,73.5,120.4,180.6,147.3,47.9,142.4,187.1,134,143.6,65.8,118.2,175.5,90.1,102,95.6,84.5,121.6,148,52.2,65.2,141.1,166.7,80.5,105.8,144.3,71.7,97.8
01/11/2012,80,3,83.1,68,62.1,66.6,110.4,157,127.9,45.8,134.2,100.9,128.6,113.7,61,112.8,179.8,80.4,101.1,89.5,73,113.4,119,48.9,57.1,140.1,144.4,77.3,80.7,136.8,64.3,80.7
01/12/2012,54.2,-1.9,58.3,43.5,41.4,42.2,78.3,107.7,97.1,31.3,94.2,69.5,91,85.2,39.4,70.5,121.3,52.4,66.5,63.7,51.9,78.6,89.5,30.3,36.3,85.1,85.8,54.6,55.7,95.6,41.7,49.6
01/01/2013,85.8,10.8,83.8,83.1,66.2,65.2,121.9,176.5,148.9,49.4,145.4,78.5,135.5,139.8,57.1,123.5,196.8,95.7,105.7,88.9,71.3,124.9,156.1,54.5,70.6,154.9,175.1,77.7,76.1,155.2,77.6,102.1
01/02/2013,83.6,1.7,82.5,78.9,65.3,65.5,114.7,172.5,132.3,49.7,144.1,81.5,128.4,120.7,56.6,121.4,192.9,91.7,99,86.6,69.6,120.9,145.6,53.9,68.4,154.5,166.7,74.9,78,156.4,73.9,95.9
01/03/2013,90.2,2.6,90.5,84,72.3,71.5,123,177,137.1,54.5,153.1,95.3,145.7,128.4,62.7,127.1,181.2,97,104.7,98.7,79.2,123.1,143,58.9,71.4,155.7,182.9,85.3,82.3,155.7,79.3,100.5
01/04/2013,89,17.2,89.1,83,72.4,70.5,116.2,180.9,126.1,56,145.7,72.2,141.1,122.1,64.9,126.7,198.9,97.5,103.8,97.7,76.6,122.2,142.3,59.9,69.5,156.2,178.6,84.8,78.7,154,78.2,99.6
01/05/2013,99.7,6.6,100.9,90.9,80.8,82.8,131.8,194.5,137.9,65.1,164.3,98.6,159.5,125,74.3,135.9,200,103.4,119,109.1,87,137.4,157.9,67.5,75.7,168.2,197.2,95.4,90.3,175.1,85.5,109.6
01/06/2013,88.2,3.5,89.1,79.7,74.5,68.4,115,167.7,119.3,54.1,149.4,95.3,138.6,121.2,64.3,119.9,189.7,93.5,100.5,95.7,76.7,122.1,145.6,57.5,68.7,144.4,173.8,82.6,83.8,156.8,75.2,95.1
01/07/2013,101.4,14.1,101.3,92.7,84.6,78.4,127,203.4,145.9,60.9,171.9,97.6,161,148.8,74.3,141.4,205.7,106.2,118.9,112.9,85,140,169.1,66.8,74.6,184.4,204.7,93.9,95,179.5,87.4,110.9
01/08/2013,99.5,8.3,99.7,91.3,80.7,75.4,132.5,201.8,153.7,56.9,177.1,92.8,150.8,153,71.8,135.1,220.6,107.3,112.3,109.4,82,147.4,175.6,63.5,75,174.3,202.8,90.5,96.5,183.9,85.2,112.2
01/09/2013,98.1,12.9,99.2,86.9,77,76.1,135.6,199.1,160,52.5,179,132.5,136,160.6,68.3,138,200,103.2,115.7,108.5,82.7,147.1,169,57.9,70.2,174.8,205,87.7,103.4,181.6,79,114.2
01/10/2013,100,12.7,100.3,92.1,78.2,77,135.3,205.1,172.2,51.7,182.4,191.6,129.2,164.6,67.9,139.8,211.4,104.1,104,104.6,88.2,146.6,168,57.4,77.3,194.8,210.5,85.4,117.3,175,84.6,117.9
01/11/2013,92.7,15.9,94.4,82.5,72.5,73.3,126.5,183.3,161.7,51.2,163.7,153.4,126.7,141.5,63.6,132.1,190.8,96,109.2,101.8,81.4,132.6,148.1,57.3,63.3,177.6,195.4,83.8,101,162.6,76.5,103.4
01/12/2013,64.3,18.5,65.7,56.4,50.1,49,84.2,137.3,113.8,35.4,125.7,72,93,101.2,45.9,85.5,151.1,63.3,64.1,74.1,55.6,98.8,107.2,36.6,42.9,116.1,125.2,61.6,61.4,111.7,53.6,65.9
01/01/2014,105.9,23.4,99,111.7,82.9,80.3,144,216.2,190.7,60,196.7,93.5,151.4,178.2,65,155.7,227.7,117.4,115.9,102.5,76.4,168.7,201.9,70.1,101.3,226.2,240.3,84.3,100.8,213.6,107.4,126.5
01/02/2014,99.3,18.7,97.5,96.3,79.7,76,135,198.4,157.4,56.9,187.9,85.9,133.5,172,63.2,153.7,216.3,106.7,91.2,107.9,76.1,157.2,179.9,63.3,73.7,198.4,239.6,85.6,97.8,192.8,88,125.2
01/03/2014,105.9,17.4,98.4,112.9,86.1,80.2,139.9,213.1,169.4,61,195.6,103.7,144.4,168.3,68.5,170.2,227.7,110.5,112.6,103,78.6,154.5,190,71.8,95,240,278.5,85.5,102.3,192.5,107.7,130.7
01/04/2014,96.9,8.9,95.4,93.1,80.8,70.3,127.1,192.4,151.6,55.8,185,84.6,140.2,146.5,62.5,142.5,223.1,104.4,93.4,105.6,77,150,159.4,62.3,71.3,184.4,237.4,86.7,87.4,188.8,85.9,118
01/05/2014,113.3,13.7,106.6,119.2,94.6,81.8,145.1,229.4,177.1,67.4,221.6,106.8,163.5,153.5,72.6,166.2,236.5,116.6,115,106.9,86.6,169.6,198,77.4,107.6,242.5,275.4,92.7,107.1,218.4,114.4,135.9
01/06/2014,105.6,19.8,100.7,108,90.4,75.9,135.1,206.1,157.1,60.9,203.8,118.8,142.9,146.2,72.3,145.6,223.4,112.7,103.1,101.9,82.5,161.8,190.1,70.5,95.2,210,236.6,87,104.9,201,103.8,122.7
01/07/2014,110.7,9.2,109.1,106.1,92,77.5,142.3,226.4,184.3,61.9,211.5,87.7,155.5,168.6,75.1,158.1,259.6,121.9,110.9,120.1,88.9,168.2,195.4,70.2,83.4,214.9,247.7,100.3,98.4,210.3,97.8,135
01/08/2014,107.3,7.9,107,99.7,87.8,78.7,137.9,218.4,182.5,57.2,202.7,117.4,155,175.1,74.6,148.3,231.9,113.7,119.2,119.9,86.7,165.6,199.6,62.2,80,205.7,233,95.8,105.1,203.1,91,130
01/09/2014,114.4,16.6,113.6,108.1,92.3,81.4,152.5,233.8,202.6,58.6,224.4,152.3,154.1,203.4,74,162.5,239,120.4,111.2,123.2,93.5,181.1,206,66.4,84.3,232.3,254.2,99.1,119.5,215.5,99.3,138.4
01/10/2014,110.8,10.9,111.1,102.6,88.6,76.6,150.8,233,194.9,56.3,197.8,191.4,144.9,190.2,71.2,169.7,210.6,112.3,163.2,114.3,94.4,176,188,62,80.1,238.8,251.7,94.2,124.5,212.3,93,135.9
01/11/2014,95.4,2.9,97,84,77.6,66.8,128.2,192.9,169.1,50.5,169,166.6,132.4,152.9,62,144.3,172.7,92.9,143.9,103.4,82.5,149.6,155.6,54.9,62.5,170.6,210.1,84.6,103.8,178.8,76.9,108.3
01/12/2014,73.8,14.9,75.7,63.8,58.4,51.1,103,154.9,130.3,40,142.8,91.8,105.7,120.9,48.9,101.8,165.3,70.1,97.4,83.7,62.1,123.1,124,40.9,48.2,124.2,154.1,68.5,72.9,142.3,58.6,81.8
01/01/2015,107.6,1.6,105.5,104.4,86,74.3,150.2,219.4,195.8,58.8,194.2,110.5,144.8,196.2,60.5,167.2,218.4,114.4,176.1,117,81.3,178.2,204.1,64.6,80.4,224.8,248.5,92.3,102,222.5,97.7,127.2
01/02/2015,103.7,4.5,97.6,107.1,86.9,69.5,140.7,202.5,176.8,58.2,189.7,120.9,142.1,181.1,56.6,164.3,224.1,106.2,155.6,96.6,77.4,164.3,199.4,67.7,85.4,234.2,258.7,81.9,106.8,199.8,100.5,129.7
01/03/2015,114.7,8.3,112.5,111.5,97.1,80,151.1,223.5,182.1,68.9,199.7,132.5,166.1,188.6,65.5,178,235.8,113.1,179.4,116,91.4,184.8,206,76.1,81.5,230.4,258.3,98.4,112.7,227.5,105.5,132.2
01/04/2015,101.9,5.1,101.6,94.3,87.6,69.7,133.2,194.5,162.2,63,178.4,109.5,150.6,151.5,61,144.6,213.5,106.3,145.2,110.9,82.4,159.7,176.6,65,76.1,169.9,213.6,90.8,98.8,197.2,87.3,118.2
01/05/2015,110.6,-2.4,111.4,102.2,97.4,76.7,138.9,208.5,165.4,67.3,191.9,131.8,164.9,149.5,69.8,161.1,210.3,113.8,165.4,121.6,91.8,168.4,187.7,72.5,79.2,196.3,231.1,100.4,108.8,208.3,95.4,125.7
01/06/2015,108.8,3.1,109.7,99,95.4,74.5,139.7,207.4,157.2,63.5,193.1,154.7,158.2,150.5,61.8,156.2,217,115.4,168.4,117.8,90.3,168.5,192.5,69.1,76.3,201.8,215,96.5,114.7,204.2,93.4,118.2
01/07/2015,114.8,3.8,114,108.5,100.9,75.9,148.3,215.1,180,69.9,206.4,102.4,164.9,172.5,65,160.6,247.2,123.6,183.5,124.4,90.6,182.6,194.1,77,85.9,213.7,237.7,101.7,111.5,221.6,101.8,131.5
01/08/2015,108.2,0.8,107.7,102.5,95.7,68.5,139.9,201.6,180,63.5,193.6,117.5,153.7,186.7,58.2,152.5,208.9,116.6,170.4,112.1,84,182.8,196.1,70.5,87.3,194.4,218.5,91.1,114.1,224.7,95.1,128
01/09/2015,114.6,0.2,114.8,108.3,99.4,76.8,153.9,203.1,200,65,202.2,185.1,163.8,200,61.4,172.5,187.2,116.4,167.5,117.4,95.7,181.6,198.3,72.1,89.3,221.3,245.2,96.9,127.8,224.4,99.6,138.1
01/10/2015,115.6,4.4,116.1,107.2,98.4,75.5,160.1,207.1,217.9,63.3,211.9,207.9,154.9,192.6,57.8,180.1,228.7,115.8,177.5,115.2,98.4,185.7,192.8,67.3,89.1,233.4,263.1,95.6,136.6,226.5,96.8,143.1
01/11/2015,105.5,10.6,107.4,96.5,91.3,69.5,145.4,184.1,187.7,60.3,186.8,171.9,143.1,170.2,59.9,160.8,206,104.7,158.7,111.1,89.9,168.1,174,64.3,75.8,203,238.6,92.3,119,198.7,88.5,124
01/12/2015,78.5,6.3,79.4,71.3,64,54.5,107.8,146.9,156.4,44.7,149.3,101.7,120.6,133.4,39.5,119.1,156,72.4,124.6,84.7,64.8,129.8,137.4,46.3,51.9,157.2,167.8,70.4,80.2,150,66.5,88
01/01/2016,113.9,5.9,112.2,111.2,97.8,75.3,159.5,197.4,206.6,65.6,209.4,114.1,151.4,214,55.8,166.7,247.2,121.3,192.2,120,86.1,193.1,216.9,73.1,85.8,232.2,253.3,96.4,112.8,239.4,103.2,138.7
01/02/2016,112.9,8.9,112,110.3,98,77.4,155.4,192.1,192.4,65.8,215.1,129.8,143.8,198.1,56.4,174.3,219.5,115.9,167.9,119,88.4,186.2,206.1,71,83.2,238.7,275.2,97.5,111.9,229.9,101.6,140.4
01/03/2016,120.3,4.9,120.7,114.8,105.8,82.7,165.4,197.7,200.9,73.6,223.1,152,159.5,188.5,59.2,182.4,229.4,120.5,196,128.7,94.8,200.1,202.9,80,87.9,234,280,104.4,121.1,253.4,106.6,143.2
01/04/2016,115.7,13.6,115.7,110.8,101.5,78.6,161.6,187.6,199.3,69.8,210.9,139.5,171.7,174.3,59.3,181.9,217.7,113.3,185.9,122.5,93.1,186.4,194.2,75.5,86.7,227.1,269.4,101.3,115.8,232.6,101.3,143.5
01/05/2016,129.2,16.9,130,121.6,116.3,87.4,177.3,204.7,206.6,80.1,244.9,140.1,170.1,186.2,68.2,197.7,261.7,127.3,206.7,143.4,101.6,210.1,219.3,85.7,89.2,249.7,300.4,115,125.3,265.5,112.9,152
01/06/2016,121.1,11.3,122.6,112.7,108.8,82,165.6,192.3,197.4,75.5,232.8,133.1,155.4,179,63.2,178.7,240.1,119.7,193.2,131.2,96.7,201,201.9,80.7,82.9,232.2,271.5,106.9,122.2,251.4,105.4,138.1
01/07/2016,123,7.2,123.6,114.8,108,81.5,179,195.5,208.3,74.4,226.8,130.5,165.5,206,63.8,176.6,264.2,125.9,201.7,135.2,94.4,206.9,209,80.8,87.3,232,281.5,106.3,124.4,262.3,105.7,146
01/08/2016,134.5,24.3,133.2,130.4,118.4,88.4,190.7,212.4,243.6,76.4,250.4,147.6,177.9,242.3,66.7,210.4,274.1,139.6,217.3,144.8,102.5,227.1,238.8,84,101.8,282.2,317.9,113.7,133.9,290.3,119.3,168.8
01/09/2016,131,14.3,130.6,126.4,111.5,85.3,193.9,214,251.2,71.3,243.3,193.2,172.9,236.4,62,204.6,279.1,133.8,213.7,137.1,104.4,216.4,235.6,80.4,97.7,277.9,312.8,108.8,146.1,265.3,116.8,159.8
01/10/2016,125.4,8.4,125.8,120.3,108,83.8,182.6,201.5,229.3,65.3,234.1,228.5,158.4,231.1,58.7,198.8,256.4,124.6,205,131.5,102.1,207,218,71.6,96.9,283.7,305.2,102.2,148.5,255.2,108,162.9
01/11/2016,123.5,17.1,124.1,116.4,109.3,75.4,182.3,187,239.3,67.3,235.9,202.2,162.3,204,58.6,204,252.8,117.8,196.5,133,100.8,198.9,207,73.2,88.8,273.9,296.4,105.1,135.9,246.7,107.2,148.3
01/12/2016,89.6,14.2,91.4,82.9,75,55.6,139.3,138.2,192,48.7,172.4,135.7,129.6,164,38.5,138.8,184.4,83.3,154.9,101.5,72.6,148.5,157.2,52.2,59.7,195.6,206.9,79.3,96.1,176.6,77.6,101
01/01/2017,127.8,12.1,123.4,129.4,109.1,81.9,192.5,199,257.2,69.5,239.1,153.3,164.9,235,50.9,216.8,274.8,131.4,249.6,133.9,93.4,216.5,235.9,80,95.9,290.1,332.4,104.2,128,267.4,119.9,162.2
01/02/2017,128.8,14.1,124.1,130.2,112.9,82.9,194.1,188.4,240.8,72.5,248.7,158.9,168.5,206.7,51.2,227.9,268.4,126.8,238.7,135.4,93.9,216.6,222.8,80.6,99.2,310.1,328.4,105.1,128.3,268.3,119.5,167.1
01/03/2017,147.9,23,143.9,145.8,127.1,97.8,218.8,219.8,284.2,83.6,273.3,170.7,203.6,241,63.1,252.2,311,145.5,303.6,159.5,108.4,240.5,257.2,95.7,110,337.6,368.7,122.9,150.3,296.9,135.8,180.4
01/04/2017,123.3,6.5,115.9,113.9,102.5,75.6,169.9,184.6,214.1,65.7,230.1,110.6,161.9,184.5,49.4,201.2,274.5,115.2,402,126.6,89.4,199.2,197.5,70.9,84.1,266.7,300,101.6,111.4,246,105.3,143.3
01/05/2017,147.2,13.9,145.1,144.7,128.7,95.7,219.4,224.9,261.2,83.6,281.2,189.5,193.4,220,59,260.1,331.6,143.3,285,153.5,113.3,246.2,252.2,94.1,102.6,346.6,372.2,123.7,147.9,311.8,136.1,174.7
01/06/2017,137,13.1,134.2,135.3,118.9,91,200.9,212.8,253,77.9,262,157.7,175.4,203.5,58.3,242,307.8,136.1,264.9,144.8,103.7,229.9,224.2,86.4,100.9,326.8,343.9,116.1,133.2,284.9,125.9,167.8
01/07/2017,137.7,11.9,138.3,130.2,118.9,90.5,206.3,205.9,271.6,75.6,262.3,172.3,193,206.1,60.1,238.2,331.6,130.5,274.9,146.5,109.3,235.9,221.9,83,96.2,317.3,331.7,119,138.1,296.8,121.8,159.4
01/08/2017,151.8,12.9,149.8,149.3,126.8,102.2,229.2,235.2,319.6,82.8,287,168.7,192.9,253.3,67.9,270,385.5,148,297.4,163.4,116.5,254.1,245.2,91.6,112.9,375.1,385.3,130.3,149,310.9,137,191.6
01/09/2017,134.7,2.8,125.2,147.7,108.6,90.2,210.1,213.8,305.5,70.5,256.2,187.1,188.3,227.2,54,255.2,323.1,124.3,252.8,118.8,101.7,217.8,226.5,83.8,113.2,401.2,401.3,102.7,139.6,269.1,138.5,179.4
01/10/2017,138.4,10.4,134.9,136.2,113.7,90.7,215.8,212,314.7,70.1,267.5,203.6,184.4,238.3,54.9,276.9,317,124.9,261.6,144.8,108.4,228.2,228.7,76.3,97.7,350.1,386.5,114.9,141.3,280.8,123.8,179.2
01/11/2017,131.9,6.8,129,131.1,107.9,84.9,205.8,204.6,307.7,68,248.4,182.2,182.8,232.6,56.5,251.7,312.8,118.3,255,137.5,103.9,216.6,219.4,76.4,91.2,356.9,344.4,111.4,130.9,267,122.8,160
01/12/2017,91,1.6,90.7,87.9,70.9,54.7,152.5,151,225.2,48.8,179.9,96.9,136,166.7,35.3,168.6,215.6,79.9,165.5,100,70,158.7,149.8,52.5,57.4,234.4,243.3,79.3,88.3,190.7,82.4,107
01/01/2018,140.8,10.2,135.4,145.3,113.2,94.2,227.3,220.2,309.5,73.4,266.2,126.6,195.4,265.2,54.9,271.4,323.4,140,273.8,145.2,102.6,240,260.4,82.1,107,377.2,389,116.9,129.9,301.8,134.4,183.1
01/02/2018,137.2,6.5,130.8,142.6,115.5,85.6,223.9,201.7,283.2,74.7,258.2,148.8,196.2,238.8,57.6,262.2,323.8,129.7,240.3,140.2,99.3,227.2,249.7,85.3,102.4,356.5,386,111.4,134.1,279.6,131.9,179.4
01/03/2018,145.7,-1.5,140.9,150.1,120.7,97.7,235,213.4,303.5,82.9,269.1,150.6,213.7,250.3,61.3,273.7,317.4,135.7,269,150.2,109.6,237.3,265.1,92.7,102.9,360.3,418.6,122.5,139.6,295.4,138.9,188.8
01/04/2018,137.9,11.8,135.5,136.6,114,91.7,223,209.6,279.3,77.6,260.8,159.9,205.7,220.5,55.9,248.9,322,131.7,242.2,144.9,105.4,228.6,231.2,85.8,96,336.1,379.2,117.4,135.1,284,126.5,171.3
01/05/2018,155.7,5.8,153.7,152.8,129.2,106.3,249.2,231.2,312.5,89.7,289.1,162.9,240.6,228.7,69.7,275.5,352.1,147.3,290.3,164.2,120.6,255.2,259.1,98.8,112.2,366,400,135,150.7,314.9,142.4,189
01/06/2018,139.1,1.5,137.5,136.8,114.8,97,228.8,199,274.2,77,252.2,157.3,223.9,212.5,65.5,246.6,317.4,129.5,267,145.5,110.1,227.8,225.4,87.5,98.3,336.7,355.3,121.8,130.4,285.6,127.7,168.3
01/07/2018,149.9,8.9,148.1,147,122.3,103.2,249.6,212.3,317.2,81.7,273.4,148.5,242.6,230.7,68.7,281.2,378.7,137.4,293,156.7,117,248.4,244.1,92.8,103.7,367.6,402.7,131.1,138.2,314.4,135.5,186.8
01/08/2018,156.4,3,153.3,156.8,126,107.5,259.3,221.2,357.4,84.4,281.1,160.8,255.7,262.8,71.6,270.9,407.1,149.9,297.9,159,122.6,256.5,273.5,93.1,117.2,398.6,416.4,134.4,146.6,326.2,144.4,199.7
01/09/2018,143.6,6.7,140.4,144.2,114.2,97.8,242.8,207.7,329,73.9,263.9,213.7,235.2,253.9,60.8,261.6,365.3,125,263.1,141.6,116.5,229.8,246.2,82.7,104,375.1,406.4,119.5,150.7,281.6,130.1,193
01/10/2018,154.2,11.5,148.3,161.3,123.7,102,264.6,220,347.8,77.2,280,235.5,244.2,270.3,64.2,293.2,375.5,142.4,278.6,151.5,120.3,245.3,274.2,91.5,117.8,423.1,450.8,123.9,163.1,305.9,144.8,218.1
01/11/2018,141.2,7.1,139.6,139.1,111.4,95.7,245.6,196.7,331.4,73.1,260.7,199.6,243.1,238.6,62.3,251.2,309.9,120.4,276,144.4,116.4,225.3,247.8,82,91.9,359.8,384.6,122.6,144,266,127.5,179
01/12/2018,91.7,0.8,88.6,92.9,70.1,60.2,163.2,129.3,240.9,45.2,176,115.3,163,167.5,42.1,159.7,225.5,77,161.5,90.6,73.1,148.2,165.7,51.4,63,235.1,270.2,78.7,85.7,177.1,85.6,118
01/01/2019,153,8.6,148.4,156.4,118.6,103.8,267.8,216.7,372.3,80,276,147.4,261.6,272.7,65.7,279.1,376.2,140.4,312.2,159.3,114.9,248.3,291.1,92.3,110.9,390.6,430.6,129.9,142.7,315.2,142.6,204
01/02/2019,150.7,9.8,147.6,152.2,120.6,105.1,257.3,209.3,330.3,79.9,286,161,240.5,252.5,69,273.6,351.1,135.6,277.6,157.1,117.2,244.1,267.9,89.9,104.4,391.7,431.5,129.1,145.7,304,138,201
01/03/2019,148.8,2.1,146.6,148.6,119.7,102.8,260.1,196.5,328.7,80.4,267.8,167.5,266.6,247.4,66.6,272,317.7,133,278,155.7,118.6,234.9,268.6,89.3,101.2,362.2,427.2,130.5,140.8,293.6,135.1,195.1
01/04/2019,134.4,-2.6,128.1,142.9,108.1,96.5,231.4,179.6,283.2,74.7,234.6,135.1,252.3,205.5,63.5,235.9,322,122.3,258.1,127.2,106,198.4,247,88.1,106.6,343.3,394.7,113.9,123.6,256.4,132.7,178.1
01/05/2019,157.8,1.4,158.3,153,125.8,116.8,272.1,211.9,327.4,87.4,276.7,170.1,284.4,221.6,77.2,269.4,386.9,144.9,325.3,169.8,131.7,237.4,281.6,94.7,108.3,356.1,432.4,144.7,145.4,305.3,138.2,203.9
01/06/2019,131.9,-5.2,134,124.3,106.3,99,223.1,175.3,267.6,74.6,233.6,152.7,237.2,189.5,63.8,224.2,294,117.9,261.7,142.3,109.6,207.7,231.4,79.8,87.8,289.1,346.7,119.6,128.6,266.5,113.8,160.5
01/07/2019,151.8,1.2,153.4,144.1,118.7,116.2,259.7,202.5,334.8,81.9,273.8,151.2,266.5,236.6,74.3,254.9,373.8,137.2,319.3,164.5,124,242.7,267.2,89.1,102.6,338.1,413.7,138.1,143.8,305.5,132,185.9
01/08/2019,147.3,-5.8,146.6,141.9,114.6,108.3,250.7,199.1,354.8,79.6,261.8,161.7,251.5,250.6,69.6,244.2,370.2,132.2,314.2,152.1,118.5,240.5,268.7,88,101.5,302.8,407.8,129.7,141.4,299.2,126.8,194.2
01/09/2019,145.7,1.4,143.2,145.5,113.3,103.4,255.1,198.1,345,74.1,255.5,211.5,240.5,258.5,67.1,254.3,334.4,132.9,295.6,147.6,118.3,227.8,264.9,82.4,109.3,354.7,420.6,123.9,150.2,281.2,128.7,203.8
01/10/2019,147,-4.7,137.4,163.6,113.3,104.8,260.7,198.5,351.3,73.6,258.7,243.6,232.7,268.3,67.6,263.3,334.8,130.3,291.2,126.7,115.5,225.7,270.9,88.5,124.9,412.2,502.9,111.5,161.3,282.6,144.6,228.8
01/11/2019,131.8,-6.7,130.3,130.4,102.1,93,231.6,173.5,329.4,67.8,238.1,174.6,226.8,230.2,62.4,239.1,274.8,110.9,267,135.8,106.4,212.9,232.5,74.7,89.4,350.4,367.2,114,129.5,265.6,117.8,173.6
01/12/2019,93.7,2.2,94,90,69.9,66,173.5,123.7,242.1,48.2,167.1,117.3,175.5,170.2,47.6,158.5,241.1,77.2,172.6,99.5,77,153.7,176.3,51.2,58.5,235.6,246.7,84.8,86.5,189.3,82.6,115.7
01/01/2020,152.9,-0.1,149.3,152.9,117,110.6,273.8,201.6,369.5,79.3,277.9,132.1,267.3,264.4,66.2,275.1,368.4,140.6,328.9,154.5,117.5,252.9,297.8,87.5,113.3,343.6,452.7,131.3,137.5,328.8,135.2,214.3
01/02/2020,135.1,-10.3,134.1,131.8,105.5,98.9,244,170.4,303.5,72.4,250.2,146.2,228.2,229.7,63,240.1,302.5,115.7,268.9,139.5,106.1,224,244.8,79.9,89.9,313.9,395,116.8,130.4,285.6,118.6,177.2
01/03/2020,104.3,-29.9,102.2,104.7,81.1,79.7,191.8,127,220.8,55.1,189.2,133.5,211.5,137.3,53.5,189,261,81,198.4,100.6,87.2,147.9,193.9,61.6,67.6,275.9,348.8,90,105.5,193.2,93.6,143.1
01/04/2020,39.5,-70.6,41.9,32.8,29.4,30.2,79.2,47.8,80.6,18,77,78.2,117.6,17.9,24.2,70.1,127,16.3,67.3,39,40.1,56.3,70.6,17.4,13.3,92,135,39.1,36.9,79,29.7,43.3
01/05/2020,71,-55,72.7,63.4,49.4,52.7,154.9,88.8,152.5,32,150.6,66.5,171.3,75,33.6,125.5,241.1,43.6,153.7,71.8,58.6,125.8,127.9,33.7,33.9,172.5,244.1,64,60,179.9,56.4,87.5
01/06/2020,100.7,-23.7,103.7,89.5,68.7,74.4,219.9,127.1,234.7,43.1,195.7,120.7,231.5,169.7,40.4,168.1,356.7,72.5,228.1,107,80.1,184.1,196.4,47.4,54.2,230.8,312.9,86.6,101.9,247.9,79.6,123.7
01/07/2020,114.5,-24.6,114.9,106.8,78.4,83.9,248.2,144.2,271.9,54.3,225.7,107.8,222.6,177.4,49.5,209,347.5,85.3,269.5,113.2,90.2,205.1,211,59,65,278,370.7,98.1,105,279.6,94.6,148.9
01/08/2020,109,-26,106.2,109.4,69.1,86,220.4,151.3,275.2,48.8,212.4,121.7,236,147,50,207.4,338.3,80,250.4,98.1,86.9,177.6,204.5,57,70.2,336.3,371,91.6,101.6,238.2,97.5,150.3
01/09/2020,132,-9.4,126.7,136.4,86.4,99.6,283.7,178.7,334.8,57.2,262.4,175.4,253.9,205.8,58.2,252.8,411,98.8,290.6,118.9,102.9,215.7,252.1,66.9,92.2,418.3,454.5,106.1,128.1,291.9,122,186.1
01/10/2020,136.5,-7.1,135.1,134.5,92.5,101.7,286.3,182.9,338.5,57.9,260.3,179.7,254.7,249.4,61,280.4,382.6,103.2,295.7,133.9,107.6,233.9,267.6,67.5,88.7,371.4,452.1,113.5,138.3,302.9,117.5,192.9
01/11/2020,132.3,0.4,131,128.6,90.6,98.3,273.3,171.2,339.3,60.1,243.8,167.6,256.3,223.9,61.1,260.7,373.8,101.6,294.6,134.7,105.5,218.8,249.8,66.2,88.7,336.8,421.8,114.2,125.5,282.5,114.3,177.9
01/12/2020,103.7,10.7,107.3,92.6,69.6,73.7,217.8,141,279.3,48.2,186.3,170.5,219.8,172.1,47.5,197.2,272.7,72.4,225.2,110.3,89.4,170,193.9,50.7,59.5,244.4,296.6,94.1,105.2,220.3,84.3,121.1
01/01/2021,148.3,-3,139.4,159.8,102.3,106.1,314.2,195.6,359.8,67.4,283.6,155,282.3,235.1,62.9,295.1,412.1,119.9,350.1,131.8,108.9,247.8,287.5,80.2,115.8,468.8,504.9,117.3,136.7,328.1,144.5,212.7
01/02/2021,146,8.1,144,145.1,99.3,113.2,300.1,193.5,353.7,68.7,281.1,171.2,266.4,205.3,68,293.5,381.6,116.7,325.1,146.6,111.6,251.7,260.9,77.1,98.4,398.8,492.9,122.1,140.7,331.7,128,204.2
01/03/2021,186.2,78.5,186,180.6,131.1,136.6,382.9,243.6,439.3,91.7,347.6,229.8,379.3,259,85.7,358.6,435.8,141.1,421.7,182.4,154.3,300.8,341.4,102,119.6,455.3,602.5,163.5,174.7,401.4,160.6,249.6
01/04/2021,165.6,319.7,158.2,175,121.3,118.8,330.2,208.7,392,80.1,302.2,178.1,311.7,284.4,78.6,324,408.5,134.4,355.3,149.6,129,264.4,311.3,94,124.8,472.8,560.6,135.2,161.2,338.2,160.2,226.1
01/05/2021,187.6,164.4,179.4,199.1,137.9,136.1,347.5,235.9,430.8,92.1,339.2,207,362.1,316.4,88.4,372.5,458.2,148.9,398.4,165.4,148,299,346.2,110.2,138.1,553.3,624.3,154,179.5,386.9,181.2,260.9
01/06/2021,194.7,93.4,187.1,205,142.4,140.8,388.2,252.4,443.3,95.6,349.3,228.2,373.7,322,88.8,377,514.2,156.2,433.4,172.8,156.9,306.6,355,112.8,144.8,566.8,633.8,160.1,192.9,390.6,187.5,265.4
01/07/2021,220.1,92.3,206,241.6,156.5,161.2,444.4,297.3,505.9,106.5,391.9,211.4,467.4,326.6,100.9,451.4,553.6,179.9,476.5,185,173.5,332.7,414,130.2,172.4,680.6,757.1,180.1,201.2,431.1,217.7,324.3
01/08/2021,168.4,54.5,163.7,169.5,118.3,127.3,334.4,231.5,398,87.4,284.6,175.5,345.9,207.8,92.1,326.2,458.5,132.2,403.1,148.6,146.4,235.9,284.1,98.3,122.3,474.7,522,149.8,153.2,306.6,154.6,221.1
01/09/2021,176.8,34,170.3,181.9,108.6,137.6,382,268.7,452.6,86.6,317.7,218.3,354,193.8,93.4,363.6,465.6,135.1,408.1,158.7,150,254.1,273.6,98.7,133.7,543.6,581.8,152.3,162,340.8,163.4,245.8
01/10/2021,176.5,29.3,168.7,183.6,113.1,130.6,375.8,261.7,455.5,85.3,316.2,205.9,405.9,209.9,81.1,364.4,431.6,134.1,393.6,147.7,150.5,260.6,277.9,97.6,133.9,554.3,585.5,149.9,162,341.1,164.3,250.5
01/11/2021,184.7,39.6,174.4,196.5,123.2,127.9,391.7,264,482.4,87.3,320.7,326.4,372,270.4,83.2,380,415.3,137.6,416.4,152.8,153.7,266.6,343.5,105.5,138.9,557.2,618,148.1,191.5,341.1,177,264.1
01/12/2021,141.1,36,134.5,148.8,89.6,96.3,316.4,195.4,395.9,67.7,244.8,192.2,348,232.7,55.7,264.8,330.5,103.8,312.6,117.5,114.9,214.9,296.5,80.5,103.1,408.1,449.9,116.2,140.2,267.8,136.8,190.3
01/01/2022,201.4,35.8,190.6,214.6,135,137.7,433.6,289.8,502.1,97.5,365.6,210.2,399.4,330.4,78.7,420,479.4,167.1,452.5,177.2,152.6,333,403.1,116,153.2,555.1,659.1,163.1,180.6,443.3,191.9,292.9
01/02/2022,189.6,29.9,180.1,199.8,128.3,133.6,404.6,274.4,444.2,95.7,333.1,205.5,384.8,221,83.4,431.9,427.7,153.5,432.6,167.9,150.6,291.9,342.3,112.9,139,540.5,619.5,160.2,162.8,390.8,178.7,272.5
01/03/2022,210.9,13.3,203.9,215.3,147.7,148.1,430.6,297.3,500.2,106.4,359.1,215.2,460.2,273.6,96.2,441.7,477.7,168.5,511.1,197,174.1,306.3,394.7,124.6,147.3,568,659.6,185,189.7,397.7,193.3,291.1
01/04/2022,175.2,5.8,167,183.4,124.1,122.5,359.6,238.7,417.3,87.6,304.4,170.7,353.7,322,76.5,360.3,362.1,140.3,386.6,159.5,137.7,273.6,358.2,101.2,124.2,459.5,569.4,148.4,158.1,344.3,165.1,246.5
01/05/2022,213.5,13.8,197.8,236.9,150.7,148.3,435.3,307.5,494.4,108,363.3,225.8,433.9,404.7,89.9,418.7,486.5,172.7,482.4,173.7,166.5,323.9,444.3,129.5,168.5,601.3,728.5,170.4,205.3,400.6,214,315.9
01/06/2022,197.6,1.5,182.1,220.1,138.2,136.3,408.7,278.3,473.8,96.3,334.4,242.1,399.9,392.4,82,390.5,473.1,156.9,442.5,157.8,154.2,305.1,426.9,117.6,156.3,533.3,670.6,154.6,191.7,379.5,199.1,292.6
01/07/2022,196.4,-10.8,181.7,218.1,136.6,135.2,398.3,287.5,483.6,95.7,330.3,198.2,404,383.7,80.8,403.3,466.7,155.8,465.3,163.1,151,308.3,413.7,116,154.4,553.1,656.6,156,186.9,377.6,198.1,287
01/08/2022,215.5,28,198,241.3,146.9,147.1,439.5,317.1,559.8,103.9,363.1,275.9,419,442.3,83.5,437.2,505,172.3,505.9,173.6,165.1,335.4,456.1,127.9,176.6,605.2,724.1,164.9,218.3,411.1,217.6,322.9
01/09/2022,202.9,14.8,186.1,228.7,137.3,137.7,418.6,306.5,512.2,95.4,332.5,368.1,360.7,432.6,74.7,402.3,468.1,164.6,488.6,162.7,162.2,305.9,418,116.4,169.8,589,664.3,151.3,224.9,361.5,205.9,307.4
01/10/2022,190,7.7,180.5,202,129,127.7,391.8,277.1,500.2,87.7,311.3,305.8,360.3,392.2,68.7,403.2,434,155,446.9,168.5,152.2,299.4,406.8,105.1,150.4,496.2,566.9,151.2,200.9,361.9,179.8,278.6
01/11/2022,178.7,-3.2,166.7,195.6,119.9,120.3,372.8,259.7,474.9,82.1,285.9,364.8,361.2,352.4,69.6,371.3,434.8,138.5,370.1,146.2,148.5,258.8,372.3,98.7,139.9,533.4,576.9,138.5,198.8,307.6,175.6,264.4
01/12/2022,116.7,-17.3,109.5,126.5,72,75.3,263,178.5,333.5,52.2,193.6,202.2,292.9,237.6,40.5,230.4,266.7,83.9,238.7,95.6,96.3,174.5,267.1,62.4,85.5,333.2,381,93.4,122.1,206.1,114,169.7
01/01/2023,173,-14.1,157.8,197.2,111.7,120.3,360.9,268.1,468.3,83.2,280.3,222,368.4,367.7,59,356.9,453.6,139.4,391.6,138.6,132.1,262,403.9,99.9,141.4,514.3,577.9,133.5,169.3,324.3,178.5,261.8
01/02/2023,161.1,-15,148.9,179.8,106.5,115.5,321.3,252.5,423.2,80.8,269.6,238.1,333.4,311.2,56.6,329.1,364.9,125.2,357,133.5,124.9,242.4,358.6,93.9,126.9,479.1,528.8,125.7,159.8,307.1,164.1,234
01/03/2023,184.7,-12.4,171.6,202.8,124.6,131.4,374.9,278.7,462.9,95.3,299.9,280,388.1,340.1,63.2,366.7,461.7,149.3,411,153,146.6,264,401.4,109.3,149.5,536.1,592.1,146.3,183.9,343.8,184.7,265.2
01/04/2023,140.9,-19.6,131.3,155.4,92.8,101.5,296.6,205.1,356.3,74.1,226.7,207.8,310.7,239.6,47.1,271,337.6,118.6,314.7,114.3,115,201.5,297.3,82.2,123.3,406.1,431.1,112.4,139.8,262.6,140.7,206
01/05/2023,169.8,-20.5,163.9,176.6,114.4,120.6,352.4,246.5,422,91.3,275.8,269.2,397.2,252.5,62.2,307.2,424.8,132.5,387.7,142.8,147.6,234.9,338.5,103,132,457.7,495.3,143.4,171.4,309.9,161.7,228
01/06/2023,149.4,-24.4,145.5,152.2,101.2,106.1,308.7,216.3,370,79.8,251.1,235,353.8,207.3,54,264.5,384.4,115.7,341.1,126.3,129.1,217.6,301.5,89,108.2,405,427.2,126.5,151.6,283.5,140.2,193.6
01/07/2023,141,-28.2,138.5,141,93.4,99.6,298.6,203.4,358.5,75.5,234.9,196.5,332.7,208.2,50.7,246.6,379.1,108.1,350,122.3,120.3,209.1,292.3,84.3,105.7,373.2,367.8,120.7,141.7,274.9,132.2,171.7
01/08/2023,158.2,-26.6,153,161.8,101.5,110.7,335.8,230.6,421.9,83.4,259.1,274.3,378.2,246.8,54.3,267.2,393.6,120,384.1,133.4,138.7,221.7,322.9,91.8,124.2,411.4,435.8,133.6,162.7,284.3,148.8,206.5
01/09/2023,143.8,-29.1,139.5,144,90.2,97.3,301.5,207.8,411.3,70.3,236.8,263.5,357.9,234.8,46.5,241.8,356.4,112.5,344.6,121.5,125,205.3,296,81.8,111.7,364.7,388.4,118.2,161.2,252.4,130.8,189.6
01/10/2023,141.5,-25.5,137.9,143.5,90.1,94.9,302.8,212.5,391.7,66.7,228.2,347.4,334.5,259.4,44.2,242.8,309.2,105.9,320.2,114.7,126,206.9,306.1,77.9,105.9,360.1,406.1,111.8,168,266.9,130.4,188.4
01/11/2023,126.8,-29.1,126.3,121.9,80,82.9,279.2,181.7,359.1,59.3,195.7,335.6,350.9,199.9,40.8,220.3,291.5,85.8,276.9,101.8,121,172.8,270.7,70.4,83.4,329.5,327.5,105.1,155,219.6,114.2,148.5
01/12/2023,83,-28.9,83,79.8,50.8,49.7,189.2,127.3,254,36,140.2,180.1,253.4,146.5,24,139.8,202.8,54.2,170.3,67,77.9,125,183.6,43.4,51.3,211.8,220.6,70.6,95,150.3,75.3,95.4
01/01/2024,130,-24.9,122.4,138.8,82.8,80.7,287.3,197.3,364.3,64.9,215.8,176.5,327.1,241.1,35,234.4,324.1,106.3,298.8,105.9,104.5,196.2,298.7,76.9,99.8,358.7,369.6,103.7,131,250.5,128.2,175.3
01/02/2024,128,-20.6,122.4,132.9,84,79,257.3,186.4,348.5,64.2,212.8,209.6,327.1,235.7,35.4,219.8,323.1,100.7,280.7,100.8,105,199.8,292,73.9,99,331.5,366.5,101.1,136.6,256.5,122.9,167.4
01/03/2024,119.4,-35.4,114.8,121.8,77.7,73.6,239.9,176.7,326.3,63,193.5,210,299.9,212.6,32.5,205.7,297.5,92.8,260.9,95.6,102.1,174.5,272.6,68.6,91.8,291.3,333.9,96.8,129.4,221.4,112.3,154.5
01/04/2024,107.3,-23.8,105.5,106.3,70.2,64.7,217.9,156.6,291,59,178.1,176.7,255.1,157.6,32.5,184.2,272.7,87.8,238.4,90.8,94.4,158,225.9,62.7,80.5,254.8,283.3,91.2,112.9,201.7,98.8,132.2
01/05/2024,111.1,-34.6,110.8,106.6,72.8,67.9,221.7,169.7,292.7,61.4,178.8,204.2,263.2,157.1,37,184,311,90.4,241.4,98.9,98.8,159.4,228.8,64.1,84.6,264.6,269.3,95.4,123,202.5,100.4,128
01/06/2024,87.8,-41.2,85.5,88.1,58.6,53.1,167.6,139.5,243.7,46.5,152.7,167.4,170.7,137.7,28.6,157,257.5,69.3,196.2,74.3,73.3,137.7,196.1,49.5,65.3,220.5,233.8,70.9,92.8,184.9,81.7,110.1
01/07/2024,103.5,-26.6,103,99.5,67.1,63.7,204.5,162.9,289.5,54.6,166.4,162.5,253.1,162.9,33.7,177.8,334.8,82.9,233.3,90.7,91.1,153.3,225.4,57.9,75.3,252.9,252.6,88.9,111.1,196,94,118.4
01/08/2024,99.8,-36.9,99.8,95.6,64.2,60.9,198,154,291.3,49.6,164.1,215,225.5,177,30.9,159.8,310.3,79.2,220.7,85.4,90.2,150.8,212.5,52.5,76.6,235.2,247.7,82.9,116,192.6,87,125.4
01/09/2024,100.4,-30.2,101.7,94,62.7,59,202.8,164.9,295.3,47.9,156.4,328.9,209.2,186.3,30,153.6,278.4,76.4,222.1,81.1,96.9,149.6,211.9,49.2,74.4,229.5,258,78.1,139.9,187.3,84.8,125.9
01/10/2024,99.6,-29.6,100,95.6,61.1,61,202.9,161.2,296.9,47.5,158.8,266.8,209.9,198.9,30.4,167.2,259.2,74.1,228.9,82.5,92.6,150.3,217.5,51.2,70.2,246.1,257.6,78.9,130.2,187.4,88,121.8
01/11/2024,91.9,-27.5,92.9,85.9,57,56.6,179.9,148.8,282.4,42.4,144.7,287.5,199,176.7,26.6,154.9,257.5,62.6,215.2,76.8,87.5,135.5,200.5,46.4,58.2,230.2,234.8,73.1,125.1,164.8,80.2,105.7
01/12/2024,64.1,-22.8,65.3,59.7,36.7,37.2,135.6,100.7,218.7,29.7,111.7,148,153.3,123,18.8,113.5,162.8,42.5,136.6,55.8,57.6,107.5,140.3,32.9,38.3,165.5,155.8,52.9,78.8,129.1,57.4,67.9
01/01/2025,103.2,-20.6,98.9,107.8,63,64.3,207.2,163,322.4,51.6,172.9,147,211.7,210.6,29.4,190.5,286.9,86.4,249.1,89.6,80.3,168.7,239.6,57.3,80.9,280.8,287.7,81,111,211.3,100.2,134.2
01/02/2025,91.3,-28.7,91.9,86.2,57,57.7,179,149.3,267.4,47.8,147.8,160.3,193.4,165.3,28.2,160.3,263.5,73,221.8,88.4,76.8,145.8,197.4,51.4,60.5,201.6,230.5,77.2,99.6,189.8,80,107.6
01/03/2025,100.9,-15.5,100.4,97.1,62.7,63.6,196.4,164.9,303.2,51.9,160,181,228.8,176.1,32.8,171.2,280.9,79.2,257.2,89.7,86.1,157.6,226.4,56.6,69,250.9,246.3,83.4,111.6,207.5,92.4,113.3
01/04/2025,89.4,-16.7,90.6,82.8,55.6,55.5,177.4,139.6,259.9,46.3,150.5,142.7,229,130.4,31.1,137.5,281.9,69,207.5,80.9,78.2,142.8,185.7,48.5,61.8,210,219,77.6,93.5,189.2,78.4,98
01/05/2025,104,-6.4,106.2,93.1,63.2,66.4,203.3,165.1,307,52.1,169.4,183.5,305.5,150,32.1,152.2,316.7,76.4,248.8,88.8,96.3,160.3,222.6,55.6,65.8,227.6,248.1,91.3,113.3,208.2,88,110.5
01/06/2025,89.8,2.3,94.6,75,54.5,55.3,179,144.9,259.7,46.1,153,144.3,244.6,132,30.1,135.5,262.1,65.5,209.9,87.3,81.6,146.9,190.5,45.2,52,179.8,204.4,81.8,95.4,196.6,69.1,95
01/07/2025,104.1,0.5,104.5,97.4,63.7,66.7,199.9,177.4,307,52.6,181.1,132.9,249,169.1,37.4,164.3,329.8,79.8,262.2,95.6,86.7,166.5,227.2,56.6,71.9,255.4,264.4,88.2,110.3,221.6,90.2,122
01/08/2025,102.5,2.7,106,89.2,61.1,64.6,195.3,172.8,334,50.4,175.7,202.5,228.8,178.5,32.4,161.1,320.6,78.3,246.7,100.9,89.4,171.2,222.1,50.7,63.2,224.8,227.8,87,118.5,225.7,82.5,112.2
01/09/2025,107.9,7.5,112.6,93.2,62.3,68.8,213.4,188.2,346.8,50.2,178.9,277.9,239,214.4,34.4,164.7,299.7,78.6,251.2,101.5,101.6,171.3,229.7,50.6,67.1,224.4,257.2,91,137.3,220.3,84.6,122.7
01/10/2025,103.4,3.7,104.8,95.5,59.9,65.2,204.6,175.2,325.6,48.6,170.1,251.7,236.7,182.2,35.1,167.2,298.9,74.3,243.5,88.7,95.8,156.9,217,51.2,70.5,257.8,264.4,84.2,131.1,199.4,88.2,120.7
01/11/2025,98,6.6,96.7,95.4,55.9,62.1,197.2,159.7,324.9,42.8,158.2,230.4,235.1,189.2,30.1,157.5,278.7,77.6,230,81.7,86.3,153.9,210.9,49.8,78.1,240.1,242.3,77.6,119.1,189.7,85.5,129.6
01/12/2025,70.4,9.8,71.4,64.1,38.2,41.4,149.2,121,247.3,31.6,130.7,124.8,178.3,125.7,20.7,123.2,215.6,45.3,160.5,62.5,61.8,120.6,141.3,35.7,38.2,190.3,176.2,60.1,76.7,149,60.5,76.5
01/01/2026,111.7,8.2,105.6,117.6,63.8,69.8,227.1,195.4,356.9,53.4,201.4,127.3,238.3,210.6,34.1,196.6,358.2,93.3,269.6,97.5,84.4,190.6,235.1,59.2,95.9,311,307.7,88,107.1,245.4,105.4,159.8
